<?xml version="1.0" encoding="UTF-8"?>
<project xmlns="http://www.netbeans.org/ns/project/1">
    <type>com.microchip.mplab.nbide.embedded.makeproject</type>
    <configuration>
        <data xmlns="http://www.netbeans.org/ns/make-project/1">
            <name>LightController</name>
            <name>FreeRTOS_HandsON_3a</name>
            <creation-uuid>55ff5cee-2e70-4454-810e-9beac606f4f5</creation-uuid>
            <make-project-type>0</make-project-type>
            <c-extensions>c</c-extensions>
            <cpp-extensions/>
            <header-extensions>h</header-extensions>
            <sourceEncoding>ISO-8859-1</sourceEncoding>
            <asminc-extensions/>
            <make-dep-projects/>
            <sourceRootList>
                <sourceRootElem>../</sourceRootElem>
                <sourceRootElem>../../../Source/portable/MemMang</sourceRootElem>
                <sourceRootElem>../../UART</sourceRootElem>
            </sourceRootList>
            <confList>
                <confElem>
                    <name>EXPLORER_16_PIC32MX360</name>
                    <type>2</type>
                </confElem>
                <confElem>
                    <name>EXPLORER_16_PIC32MX460</name>
                    <type>2</type>
                </confElem>
                <confElem>
                    <name>EXPLORER_16_PIC32MX795</name>
                    <type>2</type>
                </confElem>
                <confElem>
                    <name>USB-II_STARTER_KIT</name>
                    <type>2</type>
                </confElem>
            </confList>
            <formatting>
                <project-formatting-style>false</project-formatting-style>
            </formatting>
        </data>
    </configuration>
</project>
